Pinna squamosa	Naousa Bay_1841-05-29_9.14-10.97	MED-AegeanMolluscaAndRadiata_1	MED-AegeanMolluscaAndRadiata_1
Modiola tulipa	Naousa Bay_1841-05-29_9.14-10.97	MED-AegeanMolluscaAndRadiata_2	MED-AegeanMolluscaAndRadiata_2
Pecten polymorphus	Naousa Bay_1841-05-29_9.14-10.97	MED-AegeanMolluscaAndRadiata_3	MED-AegeanMolluscaAndRadiata_3
Flexopecten hyalinus	Naousa Bay_1841-05-29_9.14-10.97	MED-AegeanMolluscaAndRadiata_4	MED-AegeanMolluscaAndRadiata_4
Arca margaritacea	Naousa Bay_1841-05-29_9.14-10.97	MED-AegeanMolluscaAndRadiata_5	MED-AegeanMolluscaAndRadiata_5
Cytherea chione	Naousa Bay_1841-05-29_9.14-10.97	MED-AegeanMolluscaAndRadiata_6	MED-AegeanMolluscaAndRadiata_6
Cytherea venetiana	Naousa Bay_1841-05-29_9.14-10.97	MED-AegeanMolluscaAndRadiata_7	MED-AegeanMolluscaAndRadiata_7
Cytherea apicalis	Naousa Bay_1841-05-29_9.14-10.97	MED-AegeanMolluscaAndRadiata_8	MED-AegeanMolluscaAndRadiata_8
Artemis lirata	Naousa Bay_1841-05-29_9.14-10.97	MED-AegeanMolluscaAndRadiata_9	MED-AegeanMolluscaAndRadiata_9
Polititapes aureus	Naousa Bay_1841-05-29_9.14-10.97	MED-AegeanMolluscaAndRadiata_10	MED-AegeanMolluscaAndRadiata_10
Venus verrucosa	Naousa Bay_1841-05-29_9.14-10.97	MED-AegeanMolluscaAndRadiata_11	MED-AegeanMolluscaAndRadiata_11
Tellina donacina	Naousa Bay_1841-05-29_9.14-10.97	MED-AegeanMolluscaAndRadiata_12	MED-AegeanMolluscaAndRadiata_12
Tellina balaustina	Naousa Bay_1841-05-29_9.14-10.97	MED-AegeanMolluscaAndRadiata_13	MED-AegeanMolluscaAndRadiata_13
Erycina renierii	Naousa Bay_1841-05-29_9.14-10.97	MED-AegeanMolluscaAndRadiata_14	MED-AegeanMolluscaAndRadiata_14
Lucina lactea	Naousa Bay_1841-05-29_9.14-10.97	MED-AegeanMolluscaAndRadiata_15	MED-AegeanMolluscaAndRadiata_15
Lucina squamosa	Naousa Bay_1841-05-29_9.14-10.97	MED-AegeanMolluscaAndRadiata_16	MED-AegeanMolluscaAndRadiata_16
Diplodonta rotundata	Naousa Bay_1841-05-29_9.14-10.97	MED-AegeanMolluscaAndRadiata_17	MED-AegeanMolluscaAndRadiata_17
Cardium rusticum	Naousa Bay_1841-05-29_9.14-10.97	MED-AegeanMolluscaAndRadiata_18	MED-AegeanMolluscaAndRadiata_18
Cardium exiguum	Naousa Bay_1841-05-29_9.14-10.97	MED-AegeanMolluscaAndRadiata_19	MED-AegeanMolluscaAndRadiata_19
Cardita sulcata	Naousa Bay_1841-05-29_9.14-10.97	MED-AegeanMolluscaAndRadiata_20	MED-AegeanMolluscaAndRadiata_20
Patella caerulea	Naousa Bay_1841-05-29_9.14-10.97	MED-AegeanMolluscaAndRadiata_21	MED-AegeanMolluscaAndRadiata_21
Calyptraea sinensis	Naousa Bay_1841-05-29_9.14-10.97	MED-AegeanMolluscaAndRadiata_22	MED-AegeanMolluscaAndRadiata_22
Bulla hydatis	Naousa Bay_1841-05-29_9.14-10.97	MED-AegeanMolluscaAndRadiata_23	MED-AegeanMolluscaAndRadiata_23
Turritella triplicata	Naousa Bay_1841-05-29_9.14-10.97	MED-AegeanMolluscaAndRadiata_24	MED-AegeanMolluscaAndRadiata_24
Trochus canaliculatus	Naousa Bay_1841-05-29_9.14-10.97	MED-AegeanMolluscaAndRadiata_25	MED-AegeanMolluscaAndRadiata_25
Cerithium lima	Naousa Bay_1841-05-29_9.14-10.97	MED-AegeanMolluscaAndRadiata_26	MED-AegeanMolluscaAndRadiata_26
Cerithium vulgatum	Naousa Bay_1841-05-29_9.14-10.97	MED-AegeanMolluscaAndRadiata_27	MED-AegeanMolluscaAndRadiata_27
Murex fistulatus	Naousa Bay_1841-05-29_9.14-10.97	MED-AegeanMolluscaAndRadiata_28	MED-AegeanMolluscaAndRadiata_28
Aplysia depilans	Naousa Bay_1841-05-29_9.14-10.97	MED-AegeanMolluscaAndRadiata_29	MED-AegeanMolluscaAndRadiata_29
Ostraea plicata	Naousa Bay_1841-05-29_9.14-10.97	MED-AegeanMolluscaAndRadiata_30	MED-AegeanMolluscaAndRadiata_30
Asterias	Naousa Bay_1841-05-29_9.14-10.97	MED-AegeanMolluscaAndRadiata_31	MED-AegeanMolluscaAndRadiata_31
Ophiura albida	Naousa Bay_1841-05-29_9.14-10.97	MED-AegeanMolluscaAndRadiata_32	MED-AegeanMolluscaAndRadiata_32
Holothuria tubulosa	Naousa Bay_1841-05-29_9.14-10.97	MED-AegeanMolluscaAndRadiata_33	MED-AegeanMolluscaAndRadiata_33
Caryophyllia cyathus	Naousa Bay_1841-05-29_9.14-10.97	MED-AegeanMolluscaAndRadiata_34	MED-AegeanMolluscaAndRadiata_34
Spongia	Naousa Bay_1841-05-29_9.14-10.97	MED-AegeanMolluscaAndRadiata_35	MED-AegeanMolluscaAndRadiata_35
Crustacea	Naousa Bay_1841-05-29_9.14-10.97	MED-AegeanMolluscaAndRadiata_36	MED-AegeanMolluscaAndRadiata_36
Gobius	Naousa Bay_1841-05-29_9.14-10.97	MED-AegeanMolluscaAndRadiata_37	MED-AegeanMolluscaAndRadiata_37
Zostera oceanica	Naousa Bay_1841-05-29_9.14-10.97	MED-AegeanMolluscaAndRadiata_38	MED-AegeanMolluscaAndRadiata_38
Caulerpa prolifera	Naousa Bay_1841-05-29_9.14-10.97	MED-AegeanMolluscaAndRadiata_39	MED-AegeanMolluscaAndRadiata_39
Dictyomenia volubilis	Naousa Bay_1841-05-29_9.14-10.97	MED-AegeanMolluscaAndRadiata_40	MED-AegeanMolluscaAndRadiata_40
Acetabularia	Naousa Bay_1841-05-29_9.14-10.97	MED-AegeanMolluscaAndRadiata_41	MED-AegeanMolluscaAndRadiata_41
Pecten sulcatus	Gulf of Smyrna_1842-09-12_12.80	MED-AegeanMolluscaAndRadiata_42	MED-AegeanMolluscaAndRadiata_42
Pecten varius	Gulf of Smyrna_1842-09-12_12.80	MED-AegeanMolluscaAndRadiata_43	MED-AegeanMolluscaAndRadiata_43
Modiola barbata	Gulf of Smyrna_1842-09-12_12.80	MED-AegeanMolluscaAndRadiata_44	MED-AegeanMolluscaAndRadiata_44
Solen tenuis	Gulf of Smyrna_1842-09-12_12.80	MED-AegeanMolluscaAndRadiata_45	MED-AegeanMolluscaAndRadiata_45
Solen coarctatus	Gulf of Smyrna_1842-09-12_12.80	MED-AegeanMolluscaAndRadiata_46	MED-AegeanMolluscaAndRadiata_46
Thracia pubescens	Gulf of Smyrna_1842-09-12_12.80	MED-AegeanMolluscaAndRadiata_47	MED-AegeanMolluscaAndRadiata_47
Erycina renierii	Gulf of Smyrna_1842-09-12_12.80	MED-AegeanMolluscaAndRadiata_48	MED-AegeanMolluscaAndRadiata_48
Pandora obtusa	Gulf of Smyrna_1842-09-12_12.80	MED-AegeanMolluscaAndRadiata_49	MED-AegeanMolluscaAndRadiata_49
Tellina donacina	Gulf of Smyrna_1842-09-12_12.80	MED-AegeanMolluscaAndRadiata_50	MED-AegeanMolluscaAndRadiata_50
Corbula nucleus	Gulf of Smyrna_1842-09-12_12.80	MED-AegeanMolluscaAndRadiata_51	MED-AegeanMolluscaAndRadiata_51
Cardium echinatum	Gulf of Smyrna_1842-09-12_12.80	MED-AegeanMolluscaAndRadiata_52	MED-AegeanMolluscaAndRadiata_52
Artemis lirata	Gulf of Smyrna_1842-09-12_12.80	MED-AegeanMolluscaAndRadiata_53	MED-AegeanMolluscaAndRadiata_53
Montacuta	Gulf of Smyrna_1842-09-12_12.80	MED-AegeanMolluscaAndRadiata_54	MED-AegeanMolluscaAndRadiata_54
Arca margaritacea	Gulf of Smyrna_1842-09-12_12.80	MED-AegeanMolluscaAndRadiata_55	MED-AegeanMolluscaAndRadiata_55
Nucula emarginata	Gulf of Smyrna_1842-09-12_12.80	MED-AegeanMolluscaAndRadiata_56	MED-AegeanMolluscaAndRadiata_56
Dentalium novemcostatum	Gulf of Smyrna_1842-09-12_12.80	MED-AegeanMolluscaAndRadiata_57	MED-AegeanMolluscaAndRadiata_57
Turritella terebra	Gulf of Smyrna_1842-09-12_12.80	MED-AegeanMolluscaAndRadiata_58	MED-AegeanMolluscaAndRadiata_58
Turbonilla (Chemnitzia) elegantissima	Gulf of Smyrna_1842-09-12_12.80	MED-AegeanMolluscaAndRadiata_59	MED-AegeanMolluscaAndRadiata_59
Eulima subulata	Gulf of Smyrna_1842-09-12_12.80	MED-AegeanMolluscaAndRadiata_60	MED-AegeanMolluscaAndRadiata_60
Bulla truncatula	Gulf of Smyrna_1842-09-12_12.80	MED-AegeanMolluscaAndRadiata_61	MED-AegeanMolluscaAndRadiata_61
Bulla striatula	Gulf of Smyrna_1842-09-12_12.80	MED-AegeanMolluscaAndRadiata_62	MED-AegeanMolluscaAndRadiata_62
Rissoa monodonta	Gulf of Smyrna_1842-09-12_12.80	MED-AegeanMolluscaAndRadiata_63	MED-AegeanMolluscaAndRadiata_63
Ringicula auriculata	Gulf of Smyrna_1842-09-12_12.80	MED-AegeanMolluscaAndRadiata_64	MED-AegeanMolluscaAndRadiata_64
Pleurotoma formicaria	Gulf of Smyrna_1842-09-12_12.80	MED-AegeanMolluscaAndRadiata_65	MED-AegeanMolluscaAndRadiata_65
Cerithium angustissimum	Gulf of Smyrna_1842-09-12_12.80	MED-AegeanMolluscaAndRadiata_66	MED-AegeanMolluscaAndRadiata_66
Buccinum variabile	Gulf of Smyrna_1842-09-12_12.80	MED-AegeanMolluscaAndRadiata_67	MED-AegeanMolluscaAndRadiata_67
Buccinum granulatum	Gulf of Smyrna_1842-09-12_12.80	MED-AegeanMolluscaAndRadiata_68	MED-AegeanMolluscaAndRadiata_68
Murex brandaris	Gulf of Smyrna_1842-09-12_12.80	MED-AegeanMolluscaAndRadiata_69	MED-AegeanMolluscaAndRadiata_69
Natica pulchella	Gulf of Smyrna_1842-09-12_12.80	MED-AegeanMolluscaAndRadiata_70	MED-AegeanMolluscaAndRadiata_70
Calyptraea sinensis	Gulf of Smyrna_1842-09-12_12.80	MED-AegeanMolluscaAndRadiata_71	MED-AegeanMolluscaAndRadiata_71
Amphiura chiajei	Gulf of Smyrna_1842-09-12_12.80	MED-AegeanMolluscaAndRadiata_72	MED-AegeanMolluscaAndRadiata_72
Chirodota	Gulf of Smyrna_1842-09-12_12.80	MED-AegeanMolluscaAndRadiata_73	MED-AegeanMolluscaAndRadiata_73
Cucumaria pentactes	Gulf of Smyrna_1842-09-12_12.80	MED-AegeanMolluscaAndRadiata_74	MED-AegeanMolluscaAndRadiata_74
Serpula	Gulf of Smyrna_1842-09-12_12.80	MED-AegeanMolluscaAndRadiata_75	MED-AegeanMolluscaAndRadiata_75
NA	Gulf of Smyrna_1842-09-12_12.80	MED-AegeanMolluscaAndRadiata_76	MED-AegeanMolluscaAndRadiata_76
Annelida	Gulf of Smyrna_1842-09-12_12.80	MED-AegeanMolluscaAndRadiata_77	MED-AegeanMolluscaAndRadiata_77
Crustacea	Gulf of Smyrna_1842-09-12_12.80	MED-AegeanMolluscaAndRadiata_78	MED-AegeanMolluscaAndRadiata_78
Modiola tulipa	Bay of Vathy_1841-08-17_18.29-27.43	MED-AegeanMolluscaAndRadiata_79	MED-AegeanMolluscaAndRadiata_79
Pecten polymorphus	Bay of Vathy_1841-08-17_18.29-27.43	MED-AegeanMolluscaAndRadiata_80	MED-AegeanMolluscaAndRadiata_80
Pecten opercularis	Bay of Vathy_1841-08-17_18.29-27.43	MED-AegeanMolluscaAndRadiata_81	MED-AegeanMolluscaAndRadiata_81
Cardita trapezia	Bay of Vathy_1841-08-17_18.29-27.43	MED-AegeanMolluscaAndRadiata_82	MED-AegeanMolluscaAndRadiata_82
Cardita sulcata	Bay of Vathy_1841-08-17_18.29-27.43	MED-AegeanMolluscaAndRadiata_83	MED-AegeanMolluscaAndRadiata_83
Cardium exiguum	Bay of Vathy_1841-08-17_18.29-27.43	MED-AegeanMolluscaAndRadiata_84	MED-AegeanMolluscaAndRadiata_84
Cardium papillosum	Bay of Vathy_1841-08-17_18.29-27.43	MED-AegeanMolluscaAndRadiata_85	MED-AegeanMolluscaAndRadiata_85
Arca margaritacea	Bay of Vathy_1841-08-17_18.29-27.43	MED-AegeanMolluscaAndRadiata_86	MED-AegeanMolluscaAndRadiata_86
Nucula emarginata	Bay of Vathy_1841-08-17_18.29-27.43	MED-AegeanMolluscaAndRadiata_87	MED-AegeanMolluscaAndRadiata_87
Erycina renierii	Bay of Vathy_1841-08-17_18.29-27.43	MED-AegeanMolluscaAndRadiata_88	MED-AegeanMolluscaAndRadiata_88
Lucina transversa	Bay of Vathy_1841-08-17_18.29-27.43	MED-AegeanMolluscaAndRadiata_89	MED-AegeanMolluscaAndRadiata_89
Lucina lactea	Bay of Vathy_1841-08-17_18.29-27.43	MED-AegeanMolluscaAndRadiata_90	MED-AegeanMolluscaAndRadiata_90
NA	Bay of Vathy_1841-08-17_18.29-27.43	MED-AegeanMolluscaAndRadiata_91	MED-AegeanMolluscaAndRadiata_91
Pleurotoma attenuatum	Bay of Vathy_1841-08-17_18.29-27.43	MED-AegeanMolluscaAndRadiata_92	MED-AegeanMolluscaAndRadiata_92
Pleurotoma aegeensis	Bay of Vathy_1841-08-17_18.29-27.43	MED-AegeanMolluscaAndRadiata_93	MED-AegeanMolluscaAndRadiata_93
Rissoa pulchella	Bay of Vathy_1841-08-17_18.29-27.43	MED-AegeanMolluscaAndRadiata_94	MED-AegeanMolluscaAndRadiata_94
Trochus magus	Bay of Vathy_1841-08-17_18.29-27.43	MED-AegeanMolluscaAndRadiata_95	MED-AegeanMolluscaAndRadiata_95
Cerithium lima	Bay of Vathy_1841-08-17_18.29-27.43	MED-AegeanMolluscaAndRadiata_96	MED-AegeanMolluscaAndRadiata_96
Nerita viridis	Bay of Vathy_1841-08-17_18.29-27.43	MED-AegeanMolluscaAndRadiata_97	MED-AegeanMolluscaAndRadiata_97
Natica millepunctata	Bay of Vathy_1841-08-17_18.29-27.43	MED-AegeanMolluscaAndRadiata_98	MED-AegeanMolluscaAndRadiata_98
Natica guilleminii	Bay of Vathy_1841-08-17_18.29-27.43	MED-AegeanMolluscaAndRadiata_99	MED-AegeanMolluscaAndRadiata_99
Turbonilla (Chemnitzia) elegantissima	Bay of Vathy_1841-08-17_18.29-27.43	MED-AegeanMolluscaAndRadiata_100	MED-AegeanMolluscaAndRadiata_100
Marginella clandestina	Bay of Vathy_1841-08-17_18.29-27.43	MED-AegeanMolluscaAndRadiata_101	MED-AegeanMolluscaAndRadiata_101
Bulla striatula	Bay of Vathy_1841-08-17_18.29-27.43	MED-AegeanMolluscaAndRadiata_102	MED-AegeanMolluscaAndRadiata_102
Bulla ovulata	Bay of Vathy_1841-08-17_18.29-27.43	MED-AegeanMolluscaAndRadiata_103	MED-AegeanMolluscaAndRadiata_103
Dentalium novemcostatum	Bay of Vathy_1841-08-17_18.29-27.43	MED-AegeanMolluscaAndRadiata_104	MED-AegeanMolluscaAndRadiata_104
Ophioderma lacertosum	Bay of Vathy_1841-08-17_18.29-27.43	MED-AegeanMolluscaAndRadiata_105	MED-AegeanMolluscaAndRadiata_105
Echinocyamus	Bay of Vathy_1841-08-17_18.29-27.43	MED-AegeanMolluscaAndRadiata_106	MED-AegeanMolluscaAndRadiata_106
Crustacea	Bay of Vathy_1841-08-17_18.29-27.43	MED-AegeanMolluscaAndRadiata_107	MED-AegeanMolluscaAndRadiata_107
Modiola tulipa	Head of Cervi Bay_1841-08-29_36.576	MED-AegeanMolluscaAndRadiata_108	MED-AegeanMolluscaAndRadiata_108
Anomia ephippium	Head of Cervi Bay_1841-08-29_36.576	MED-AegeanMolluscaAndRadiata_109	MED-AegeanMolluscaAndRadiata_109
Pecten polymorphus	Head of Cervi Bay_1841-08-29_36.576	MED-AegeanMolluscaAndRadiata_110	MED-AegeanMolluscaAndRadiata_110
Pecten opercularis	Head of Cervi Bay_1841-08-29_36.576	MED-AegeanMolluscaAndRadiata_111	MED-AegeanMolluscaAndRadiata_111
Talochlamys pusio	Head of Cervi Bay_1841-08-29_36.576	MED-AegeanMolluscaAndRadiata_112	MED-AegeanMolluscaAndRadiata_112
Cytherea apicalis	Head of Cervi Bay_1841-08-29_36.576	MED-AegeanMolluscaAndRadiata_113	MED-AegeanMolluscaAndRadiata_113
Cardium exiguum	Head of Cervi Bay_1841-08-29_36.576	MED-AegeanMolluscaAndRadiata_114	MED-AegeanMolluscaAndRadiata_114
Cardium laevigatum	Head of Cervi Bay_1841-08-29_36.576	MED-AegeanMolluscaAndRadiata_115	MED-AegeanMolluscaAndRadiata_115
Cardita trapezia	Head of Cervi Bay_1841-08-29_36.576	MED-AegeanMolluscaAndRadiata_116	MED-AegeanMolluscaAndRadiata_116
Nucula emarginata	Head of Cervi Bay_1841-08-29_36.576	MED-AegeanMolluscaAndRadiata_117	MED-AegeanMolluscaAndRadiata_117
Arca lactea	Head of Cervi Bay_1841-08-29_36.576	MED-AegeanMolluscaAndRadiata_118	MED-AegeanMolluscaAndRadiata_118
Arca tetragona	Head of Cervi Bay_1841-08-29_36.576	MED-AegeanMolluscaAndRadiata_119	MED-AegeanMolluscaAndRadiata_119
Arca barbata	Head of Cervi Bay_1841-08-29_36.576	MED-AegeanMolluscaAndRadiata_120	MED-AegeanMolluscaAndRadiata_120
Erycina renierii	Head of Cervi Bay_1841-08-29_36.576	MED-AegeanMolluscaAndRadiata_121	MED-AegeanMolluscaAndRadiata_121
Tellina balaustina	Head of Cervi Bay_1841-08-29_36.576	MED-AegeanMolluscaAndRadiata_122	MED-AegeanMolluscaAndRadiata_122
Hiatella arctica	Head of Cervi Bay_1841-08-29_36.576	MED-AegeanMolluscaAndRadiata_123	MED-AegeanMolluscaAndRadiata_123
Dentalium novemcostatum	Head of Cervi Bay_1841-08-29_36.576	MED-AegeanMolluscaAndRadiata_124	MED-AegeanMolluscaAndRadiata_124
Natica valenciennesii	Head of Cervi Bay_1841-08-29_36.576	MED-AegeanMolluscaAndRadiata_125	MED-AegeanMolluscaAndRadiata_125
Chiton laevis	Head of Cervi Bay_1841-08-29_36.576	MED-AegeanMolluscaAndRadiata_126	MED-AegeanMolluscaAndRadiata_126
Turbo rugosus	Head of Cervi Bay_1841-08-29_36.576	MED-AegeanMolluscaAndRadiata_127	MED-AegeanMolluscaAndRadiata_127
Trochus crenulatus	Head of Cervi Bay_1841-08-29_36.576	MED-AegeanMolluscaAndRadiata_128	MED-AegeanMolluscaAndRadiata_128
Trochus exiguus	Head of Cervi Bay_1841-08-29_36.576	MED-AegeanMolluscaAndRadiata_129	MED-AegeanMolluscaAndRadiata_129
Trochus zizyphinus	Head of Cervi Bay_1841-08-29_36.576	MED-AegeanMolluscaAndRadiata_130	MED-AegeanMolluscaAndRadiata_130
Cerithium vulgatum	Head of Cervi Bay_1841-08-29_36.576	MED-AegeanMolluscaAndRadiata_131	MED-AegeanMolluscaAndRadiata_131
Cerithium lima	Head of Cervi Bay_1841-08-29_36.576	MED-AegeanMolluscaAndRadiata_132	MED-AegeanMolluscaAndRadiata_132
Triphora adversa	Head of Cervi Bay_1841-08-29_36.576	MED-AegeanMolluscaAndRadiata_133	MED-AegeanMolluscaAndRadiata_133
Aporrhais pespelecani	Head of Cervi Bay_1841-08-29_36.576	MED-AegeanMolluscaAndRadiata_134	MED-AegeanMolluscaAndRadiata_134
NA	Head of Cervi Bay_1841-08-29_36.576	MED-AegeanMolluscaAndRadiata_135	MED-AegeanMolluscaAndRadiata_135
Columbella rustica	Head of Cervi Bay_1841-08-29_36.576	MED-AegeanMolluscaAndRadiata_136	MED-AegeanMolluscaAndRadiata_136
Buccinum linnaei	Head of Cervi Bay_1841-08-29_36.576	MED-AegeanMolluscaAndRadiata_137	MED-AegeanMolluscaAndRadiata_137
Fusus lignarius	Head of Cervi Bay_1841-08-29_36.576	MED-AegeanMolluscaAndRadiata_138	MED-AegeanMolluscaAndRadiata_138
Fusus fasciolarioides	Head of Cervi Bay_1841-08-29_36.576	MED-AegeanMolluscaAndRadiata_139	MED-AegeanMolluscaAndRadiata_139
Murex cristatus	Head of Cervi Bay_1841-08-29_36.576	MED-AegeanMolluscaAndRadiata_140	MED-AegeanMolluscaAndRadiata_140
Pleurotoma formicaria	Head of Cervi Bay_1841-08-29_36.576	MED-AegeanMolluscaAndRadiata_141	MED-AegeanMolluscaAndRadiata_141
Pleurotoma reticulata	Head of Cervi Bay_1841-08-29_36.576	MED-AegeanMolluscaAndRadiata_142	MED-AegeanMolluscaAndRadiata_142
Mitra obsoleta	Head of Cervi Bay_1841-08-29_36.576	MED-AegeanMolluscaAndRadiata_143	MED-AegeanMolluscaAndRadiata_143
Mitra savignyi	Head of Cervi Bay_1841-08-29_36.576	MED-AegeanMolluscaAndRadiata_144	MED-AegeanMolluscaAndRadiata_144
NA	Head of Cervi Bay_1841-08-29_36.576	MED-AegeanMolluscaAndRadiata_145	MED-AegeanMolluscaAndRadiata_145
Asterias	Head of Cervi Bay_1841-08-29_36.576	MED-AegeanMolluscaAndRadiata_146	MED-AegeanMolluscaAndRadiata_146
Ophioderma lacertosum	Head of Cervi Bay_1841-08-29_36.576	MED-AegeanMolluscaAndRadiata_147	MED-AegeanMolluscaAndRadiata_147
Spongia	Head of Cervi Bay_1841-08-29_36.576	MED-AegeanMolluscaAndRadiata_148	MED-AegeanMolluscaAndRadiata_148
Annelida	Head of Cervi Bay_1841-08-29_36.576	MED-AegeanMolluscaAndRadiata_149	MED-AegeanMolluscaAndRadiata_149
Corallina	Head of Cervi Bay_1841-08-29_36.576	MED-AegeanMolluscaAndRadiata_150	MED-AegeanMolluscaAndRadiata_150
Avicula tarentina	Gulf of Smyrna_1842-09-14_47.5488	MED-AegeanMolluscaAndRadiata_151	MED-AegeanMolluscaAndRadiata_151
Hiatella arctica	Gulf of Smyrna_1842-09-14_47.5488	MED-AegeanMolluscaAndRadiata_152	MED-AegeanMolluscaAndRadiata_152
Amphiura chiajei	Gulf of Smyrna_1842-09-14_47.5488	MED-AegeanMolluscaAndRadiata_153	MED-AegeanMolluscaAndRadiata_153
Plumularia	Gulf of Smyrna_1842-09-14_47.5488	MED-AegeanMolluscaAndRadiata_154	MED-AegeanMolluscaAndRadiata_154
Sertulariidae	Gulf of Smyrna_1842-09-14_47.5488	MED-AegeanMolluscaAndRadiata_155	MED-AegeanMolluscaAndRadiata_155
Spongia	Gulf of Smyrna_1842-09-14_47.5488	MED-AegeanMolluscaAndRadiata_156	MED-AegeanMolluscaAndRadiata_156
Avicula	Gulf of Smyrna_1842-09-14_47.5488	MED-AegeanMolluscaAndRadiata_157	MED-AegeanMolluscaAndRadiata_157
Lucina spinifera	Gulf of Smyrna_1842-09-16_51.2064	MED-AegeanMolluscaAndRadiata_158	MED-AegeanMolluscaAndRadiata_158
Ligula prismatica	Gulf of Smyrna_1842-09-16_51.2064	MED-AegeanMolluscaAndRadiata_159	MED-AegeanMolluscaAndRadiata_159
Pandora obtusa	Gulf of Smyrna_1842-09-16_51.2064	MED-AegeanMolluscaAndRadiata_160	MED-AegeanMolluscaAndRadiata_160
Astarte pusilla	Gulf of Smyrna_1842-09-16_51.2064	MED-AegeanMolluscaAndRadiata_161	MED-AegeanMolluscaAndRadiata_161
Sertularia	Gulf of Smyrna_1842-09-16_51.2064	MED-AegeanMolluscaAndRadiata_162	MED-AegeanMolluscaAndRadiata_162
Ophiura texturata	Gulf of Smyrna_1842-09-16_51.2064	MED-AegeanMolluscaAndRadiata_163	MED-AegeanMolluscaAndRadiata_163
Comatula mediterranea	Gulf of Smyrna_1842-09-16_51.2064	MED-AegeanMolluscaAndRadiata_164	MED-AegeanMolluscaAndRadiata_164
Modiola tulipa	Gulf of Smyrna_1842-09-16_51.2064	MED-AegeanMolluscaAndRadiata_165	MED-AegeanMolluscaAndRadiata_165
Lima tenera	Port of Sumboli_1841-12-01_54.864	MED-AegeanMolluscaAndRadiata_166	MED-AegeanMolluscaAndRadiata_166
Pecten jacobaeus	Port of Sumboli_1841-12-01_54.864	MED-AegeanMolluscaAndRadiata_167	MED-AegeanMolluscaAndRadiata_167
Pecten polymorphus	Port of Sumboli_1841-12-01_54.864	MED-AegeanMolluscaAndRadiata_168	MED-AegeanMolluscaAndRadiata_168
Pecten opercularis	Port of Sumboli_1841-12-01_54.864	MED-AegeanMolluscaAndRadiata_169	MED-AegeanMolluscaAndRadiata_169
Ostraea plicata	Port of Sumboli_1841-12-01_54.864	MED-AegeanMolluscaAndRadiata_170	MED-AegeanMolluscaAndRadiata_170
Arca noae	Port of Sumboli_1841-12-01_54.864	MED-AegeanMolluscaAndRadiata_171	MED-AegeanMolluscaAndRadiata_171
Pectunculus lineatus	Port of Sumboli_1841-12-01_54.864	MED-AegeanMolluscaAndRadiata_172	MED-AegeanMolluscaAndRadiata_172
Nucula emarginata	Port of Sumboli_1841-12-01_54.864	MED-AegeanMolluscaAndRadiata_173	MED-AegeanMolluscaAndRadiata_173
Arca margaritacea	Port of Sumboli_1841-12-01_54.864	MED-AegeanMolluscaAndRadiata_174	MED-AegeanMolluscaAndRadiata_174
Cardita sulcata	Port of Sumboli_1841-12-01_54.864	MED-AegeanMolluscaAndRadiata_175	MED-AegeanMolluscaAndRadiata_175
Cardita trapezia	Port of Sumboli_1841-12-01_54.864	MED-AegeanMolluscaAndRadiata_176	MED-AegeanMolluscaAndRadiata_176
Cardium laevigatum	Port of Sumboli_1841-12-01_54.864	MED-AegeanMolluscaAndRadiata_177	MED-AegeanMolluscaAndRadiata_177
Cardium papillosum	Port of Sumboli_1841-12-01_54.864	MED-AegeanMolluscaAndRadiata_178	MED-AegeanMolluscaAndRadiata_178
Cardium exiguum	Port of Sumboli_1841-12-01_54.864	MED-AegeanMolluscaAndRadiata_179	MED-AegeanMolluscaAndRadiata_179
Cardium echinatum	Port of Sumboli_1841-12-01_54.864	MED-AegeanMolluscaAndRadiata_180	MED-AegeanMolluscaAndRadiata_180
Venus ovata	Port of Sumboli_1841-12-01_54.864	MED-AegeanMolluscaAndRadiata_181	MED-AegeanMolluscaAndRadiata_181
Venus incompta	Port of Sumboli_1841-12-01_54.864	MED-AegeanMolluscaAndRadiata_182	MED-AegeanMolluscaAndRadiata_182
Cytherea venetiana	Port of Sumboli_1841-12-01_54.864	MED-AegeanMolluscaAndRadiata_183	MED-AegeanMolluscaAndRadiata_183
Cytherea apicalis	Port of Sumboli_1841-12-01_54.864	MED-AegeanMolluscaAndRadiata_184	MED-AegeanMolluscaAndRadiata_184
Lucina spinifera	Port of Sumboli_1841-12-01_54.864	MED-AegeanMolluscaAndRadiata_185	MED-AegeanMolluscaAndRadiata_185
Lucina sinuata	Port of Sumboli_1841-12-01_54.864	MED-AegeanMolluscaAndRadiata_186	MED-AegeanMolluscaAndRadiata_186
Lucina commutata	Port of Sumboli_1841-12-01_54.864	MED-AegeanMolluscaAndRadiata_187	MED-AegeanMolluscaAndRadiata_187
Tellina donacina	Port of Sumboli_1841-12-01_54.864	MED-AegeanMolluscaAndRadiata_188	MED-AegeanMolluscaAndRadiata_188
Saxicava arctica	Port of Sumboli_1841-12-01_54.864	MED-AegeanMolluscaAndRadiata_189	MED-AegeanMolluscaAndRadiata_189
Thracia pubescens	Port of Sumboli_1841-12-01_54.864	MED-AegeanMolluscaAndRadiata_190	MED-AegeanMolluscaAndRadiata_190
Corbula nucleus	Port of Sumboli_1841-12-01_54.864	MED-AegeanMolluscaAndRadiata_191	MED-AegeanMolluscaAndRadiata_191
Ligula prismatica	Port of Sumboli_1841-12-01_54.864	MED-AegeanMolluscaAndRadiata_192	MED-AegeanMolluscaAndRadiata_192
Erycina renierii	Port of Sumboli_1841-12-01_54.864	MED-AegeanMolluscaAndRadiata_193	MED-AegeanMolluscaAndRadiata_193
Solen coarctatus	Port of Sumboli_1841-12-01_54.864	MED-AegeanMolluscaAndRadiata_194	MED-AegeanMolluscaAndRadiata_194
Gastrochaena cuneiformis	Port of Sumboli_1841-12-01_54.864	MED-AegeanMolluscaAndRadiata_195	MED-AegeanMolluscaAndRadiata_195
Murex brandaris	Port of Sumboli_1841-12-01_54.864	MED-AegeanMolluscaAndRadiata_196	MED-AegeanMolluscaAndRadiata_196
Aporrhais pespelecani	Port of Sumboli_1841-12-01_54.864	MED-AegeanMolluscaAndRadiata_197	MED-AegeanMolluscaAndRadiata_197
Cerithium vulgatum	Port of Sumboli_1841-12-01_54.864	MED-AegeanMolluscaAndRadiata_198	MED-AegeanMolluscaAndRadiata_198
Cerithium lima	Port of Sumboli_1841-12-01_54.864	MED-AegeanMolluscaAndRadiata_199	MED-AegeanMolluscaAndRadiata_199
Conus mediterraneus	Port of Sumboli_1841-12-01_54.864	MED-AegeanMolluscaAndRadiata_200	MED-AegeanMolluscaAndRadiata_200
Turritella triplicata	Port of Sumboli_1841-12-01_54.864	MED-AegeanMolluscaAndRadiata_201	MED-AegeanMolluscaAndRadiata_201
Rissoa cimex	Port of Sumboli_1841-12-01_54.864	MED-AegeanMolluscaAndRadiata_202	MED-AegeanMolluscaAndRadiata_202
Trochus exiguus	Port of Sumboli_1841-12-01_54.864	MED-AegeanMolluscaAndRadiata_203	MED-AegeanMolluscaAndRadiata_203
Trochus	Port of Sumboli_1841-12-01_54.864	MED-AegeanMolluscaAndRadiata_204	MED-AegeanMolluscaAndRadiata_204
Trochus (Gibbium) sanguineus	Port of Sumboli_1841-12-01_54.864	MED-AegeanMolluscaAndRadiata_205	MED-AegeanMolluscaAndRadiata_205
Natica pulchella	Port of Sumboli_1841-12-01_54.864	MED-AegeanMolluscaAndRadiata_206	MED-AegeanMolluscaAndRadiata_206
Bulla hydatis	Port of Sumboli_1841-12-01_54.864	MED-AegeanMolluscaAndRadiata_207	MED-AegeanMolluscaAndRadiata_207
Dentalium novemcostatum	Port of Sumboli_1841-12-01_54.864	MED-AegeanMolluscaAndRadiata_208	MED-AegeanMolluscaAndRadiata_208
NA	Port of Sumboli_1841-12-01_54.864	MED-AegeanMolluscaAndRadiata_209	MED-AegeanMolluscaAndRadiata_209
Talochlamys pusio	Paros_08-05_73.152	MED-AegeanMolluscaAndRadiata_210	MED-AegeanMolluscaAndRadiata_210
Pecten opercularis	Paros_08-05_73.152	MED-AegeanMolluscaAndRadiata_211	MED-AegeanMolluscaAndRadiata_211
Arca margaritacea	Paros_08-05_73.152	MED-AegeanMolluscaAndRadiata_212	MED-AegeanMolluscaAndRadiata_212
Cytherea apicalis	Paros_08-05_73.152	MED-AegeanMolluscaAndRadiata_213	MED-AegeanMolluscaAndRadiata_213
Cardita squamosa	Paros_08-05_73.152	MED-AegeanMolluscaAndRadiata_214	MED-AegeanMolluscaAndRadiata_214
Cardium papillosum	Paros_08-05_73.152	MED-AegeanMolluscaAndRadiata_215	MED-AegeanMolluscaAndRadiata_215
Fusus fasciolarioides	Paros_08-05_73.152	MED-AegeanMolluscaAndRadiata_216	MED-AegeanMolluscaAndRadiata_216
Murex brandaris	Paros_08-05_73.152	MED-AegeanMolluscaAndRadiata_217	MED-AegeanMolluscaAndRadiata_217
Vermetus gigas	Paros_08-05_73.152	MED-AegeanMolluscaAndRadiata_218	MED-AegeanMolluscaAndRadiata_218
Vermetus corneus	Paros_08-05_73.152	MED-AegeanMolluscaAndRadiata_219	MED-AegeanMolluscaAndRadiata_219
Trochus exiguus	Paros_08-05_73.152	MED-AegeanMolluscaAndRadiata_220	MED-AegeanMolluscaAndRadiata_220
Turbo rugosus	Paros_08-05_73.152	MED-AegeanMolluscaAndRadiata_221	MED-AegeanMolluscaAndRadiata_221
NA	Paros_08-05_73.152	MED-AegeanMolluscaAndRadiata_222	MED-AegeanMolluscaAndRadiata_222
Goniodoris tenerrima	Paros_08-05_73.152	MED-AegeanMolluscaAndRadiata_223	MED-AegeanMolluscaAndRadiata_223
Doris gracilis	Paros_08-05_73.152	MED-AegeanMolluscaAndRadiata_224	MED-AegeanMolluscaAndRadiata_224
Doris coccinea	Paros_08-05_73.152	MED-AegeanMolluscaAndRadiata_225	MED-AegeanMolluscaAndRadiata_225
Ascidia	Paros_08-05_73.152	MED-AegeanMolluscaAndRadiata_226	MED-AegeanMolluscaAndRadiata_226
Aplidium	Paros_08-05_73.152	MED-AegeanMolluscaAndRadiata_227	MED-AegeanMolluscaAndRadiata_227
Echinocyamus	Paros_08-05_73.152	MED-AegeanMolluscaAndRadiata_228	MED-AegeanMolluscaAndRadiata_228
Plumularia	Paros_08-05_73.152	MED-AegeanMolluscaAndRadiata_229	MED-AegeanMolluscaAndRadiata_229
Crustacea	Paros_08-05_73.152	MED-AegeanMolluscaAndRadiata_230	MED-AegeanMolluscaAndRadiata_230
Codium tomentosum	Paros_08-05_73.152	MED-AegeanMolluscaAndRadiata_231	MED-AegeanMolluscaAndRadiata_231
Manupecten pesfelis	Paros_08-05_73.152	MED-AegeanMolluscaAndRadiata_232	MED-AegeanMolluscaAndRadiata_232
Flexopecten hyalinus	Cape Crio_1841-10-11_100.584-128.016	MED-AegeanMolluscaAndRadiata_233	MED-AegeanMolluscaAndRadiata_233
Talochlamys pusio	Cape Crio_1841-10-11_100.584-128.016	MED-AegeanMolluscaAndRadiata_234	MED-AegeanMolluscaAndRadiata_234
Venus ovata	Cape Crio_1841-10-11_100.584-128.016	MED-AegeanMolluscaAndRadiata_235	MED-AegeanMolluscaAndRadiata_235
Cytherea apicalis	Cape Crio_1841-10-11_100.584-128.016	MED-AegeanMolluscaAndRadiata_236	MED-AegeanMolluscaAndRadiata_236
Lucina bipartita	Cape Crio_1841-10-11_100.584-128.016	MED-AegeanMolluscaAndRadiata_237	MED-AegeanMolluscaAndRadiata_237
Astarte incrassata	Cape Crio_1841-10-11_100.584-128.016	MED-AegeanMolluscaAndRadiata_238	MED-AegeanMolluscaAndRadiata_238
Cardita trapezia	Cape Crio_1841-10-11_100.584-128.016	MED-AegeanMolluscaAndRadiata_239	MED-AegeanMolluscaAndRadiata_239
Arca barbata	Cape Crio_1841-10-11_100.584-128.016	MED-AegeanMolluscaAndRadiata_240	MED-AegeanMolluscaAndRadiata_240
Arca lactea	Cape Crio_1841-10-11_100.584-128.016	MED-AegeanMolluscaAndRadiata_241	MED-AegeanMolluscaAndRadiata_241
Megerlia truncata	Cape Crio_1841-10-11_100.584-128.016	MED-AegeanMolluscaAndRadiata_242	MED-AegeanMolluscaAndRadiata_242
Megathiris detruncata	Cape Crio_1841-10-11_100.584-128.016	MED-AegeanMolluscaAndRadiata_243	MED-AegeanMolluscaAndRadiata_243
Terebratula seminulum	Cape Crio_1841-10-11_100.584-128.016	MED-AegeanMolluscaAndRadiata_244	MED-AegeanMolluscaAndRadiata_244
Crania anomala var. Turbinata	Cape Crio_1841-10-11_100.584-128.016	MED-AegeanMolluscaAndRadiata_245	MED-AegeanMolluscaAndRadiata_245
Fusus lavatus	Cape Crio_1841-10-11_100.584-128.016	MED-AegeanMolluscaAndRadiata_246	MED-AegeanMolluscaAndRadiata_246
Fusus crispus	Cape Crio_1841-10-11_100.584-128.016	MED-AegeanMolluscaAndRadiata_247	MED-AegeanMolluscaAndRadiata_247
Fusus turritellatus	Cape Crio_1841-10-11_100.584-128.016	MED-AegeanMolluscaAndRadiata_248	MED-AegeanMolluscaAndRadiata_248
Pleurotoma	Cape Crio_1841-10-11_100.584-128.016	MED-AegeanMolluscaAndRadiata_249	MED-AegeanMolluscaAndRadiata_249
Buccinum linnaei	Cape Crio_1841-10-11_100.584-128.016	MED-AegeanMolluscaAndRadiata_250	MED-AegeanMolluscaAndRadiata_250
Cerithium lima	Cape Crio_1841-10-11_100.584-128.016	MED-AegeanMolluscaAndRadiata_251	MED-AegeanMolluscaAndRadiata_251
Triphora adversa	Cape Crio_1841-10-11_100.584-128.016	MED-AegeanMolluscaAndRadiata_252	MED-AegeanMolluscaAndRadiata_252
Mitra obsoleta	Cape Crio_1841-10-11_100.584-128.016	MED-AegeanMolluscaAndRadiata_253	MED-AegeanMolluscaAndRadiata_253
Mitra granum	Cape Crio_1841-10-11_100.584-128.016	MED-AegeanMolluscaAndRadiata_254	MED-AegeanMolluscaAndRadiata_254
Mitra ebenus	Cape Crio_1841-10-11_100.584-128.016	MED-AegeanMolluscaAndRadiata_255	MED-AegeanMolluscaAndRadiata_255
Murex cristatus	Cape Crio_1841-10-11_100.584-128.016	MED-AegeanMolluscaAndRadiata_256	MED-AegeanMolluscaAndRadiata_256
Trochus fanulum	Cape Crio_1841-10-11_100.584-128.016	MED-AegeanMolluscaAndRadiata_257	MED-AegeanMolluscaAndRadiata_257
Turbo sanguineus	Cape Crio_1841-10-11_100.584-128.016	MED-AegeanMolluscaAndRadiata_258	MED-AegeanMolluscaAndRadiata_258
Turritella triplicata	Cape Crio_1841-10-11_100.584-128.016	MED-AegeanMolluscaAndRadiata_259	MED-AegeanMolluscaAndRadiata_259
Natica valenciennesii	Cape Crio_1841-10-11_100.584-128.016	MED-AegeanMolluscaAndRadiata_260	MED-AegeanMolluscaAndRadiata_260
Cypraea europaea	Cape Crio_1841-10-11_100.584-128.016	MED-AegeanMolluscaAndRadiata_261	MED-AegeanMolluscaAndRadiata_261
Emarginula capuliformis	Cape Crio_1841-10-11_100.584-128.016	MED-AegeanMolluscaAndRadiata_262	MED-AegeanMolluscaAndRadiata_262
Lottia unicolor	Cape Crio_1841-10-11_100.584-128.016	MED-AegeanMolluscaAndRadiata_263	MED-AegeanMolluscaAndRadiata_263
Chiton rissoi	Cape Crio_1841-10-11_100.584-128.016	MED-AegeanMolluscaAndRadiata_264	MED-AegeanMolluscaAndRadiata_264
Chiton laevis	Cape Crio_1841-10-11_100.584-128.016	MED-AegeanMolluscaAndRadiata_265	MED-AegeanMolluscaAndRadiata_265
Chiton fascicularis	Cape Crio_1841-10-11_100.584-128.016	MED-AegeanMolluscaAndRadiata_266	MED-AegeanMolluscaAndRadiata_266
Chiton freelandi	Cape Crio_1841-10-11_100.584-128.016	MED-AegeanMolluscaAndRadiata_267	MED-AegeanMolluscaAndRadiata_267
Goniaster	Cape Crio_1841-10-11_100.584-128.016	MED-AegeanMolluscaAndRadiata_268	MED-AegeanMolluscaAndRadiata_268
Asterina	Cape Crio_1841-10-11_100.584-128.016	MED-AegeanMolluscaAndRadiata_269	MED-AegeanMolluscaAndRadiata_269
Psammechinus microtuberculatus	Cape Crio_1841-10-11_100.584-128.016	MED-AegeanMolluscaAndRadiata_270	MED-AegeanMolluscaAndRadiata_270
Cidaris histrix	Cape Crio_1841-10-11_100.584-128.016	MED-AegeanMolluscaAndRadiata_271	MED-AegeanMolluscaAndRadiata_271
Echinocyamus	Cape Crio_1841-10-11_100.584-128.016	MED-AegeanMolluscaAndRadiata_272	MED-AegeanMolluscaAndRadiata_272
Myriapora truncata	Cape Crio_1841-10-11_100.584-128.016	MED-AegeanMolluscaAndRadiata_273	MED-AegeanMolluscaAndRadiata_273
Gobiidae	Cape Crio_1841-10-11_100.584-128.016	MED-AegeanMolluscaAndRadiata_274	MED-AegeanMolluscaAndRadiata_274
Megerlia truncata	Naxia_1842-07_146.304-173.736	MED-AegeanMolluscaAndRadiata_275	MED-AegeanMolluscaAndRadiata_275
Megathiris detruncata	Naxia_1842-07_146.304-173.736	MED-AegeanMolluscaAndRadiata_276	MED-AegeanMolluscaAndRadiata_276
Pecten varius	Naxia_1842-07_146.304-173.736	MED-AegeanMolluscaAndRadiata_277	MED-AegeanMolluscaAndRadiata_277
Pecten opercularis	Naxia_1842-07_146.304-173.736	MED-AegeanMolluscaAndRadiata_278	MED-AegeanMolluscaAndRadiata_278
Pecten testae	Naxia_1842-07_146.304-173.736	MED-AegeanMolluscaAndRadiata_279	MED-AegeanMolluscaAndRadiata_279
Lima (Limatula) elongata	Naxia_1842-07_146.304-173.736	MED-AegeanMolluscaAndRadiata_280	MED-AegeanMolluscaAndRadiata_280
Modiola	Naxia_1842-07_146.304-173.736	MED-AegeanMolluscaAndRadiata_281	MED-AegeanMolluscaAndRadiata_281
Hiatella arctica	Naxia_1842-07_146.304-173.736	MED-AegeanMolluscaAndRadiata_282	MED-AegeanMolluscaAndRadiata_282
Cardita aculeata	Naxia_1842-07_146.304-173.736	MED-AegeanMolluscaAndRadiata_283	MED-AegeanMolluscaAndRadiata_283
Astarte incrassata	Naxia_1842-07_146.304-173.736	MED-AegeanMolluscaAndRadiata_284	MED-AegeanMolluscaAndRadiata_284
Cytherea apicalis	Naxia_1842-07_146.304-173.736	MED-AegeanMolluscaAndRadiata_285	MED-AegeanMolluscaAndRadiata_285
Venus ovata	Naxia_1842-07_146.304-173.736	MED-AegeanMolluscaAndRadiata_286	MED-AegeanMolluscaAndRadiata_286
Arca tetragona	Naxia_1842-07_146.304-173.736	MED-AegeanMolluscaAndRadiata_287	MED-AegeanMolluscaAndRadiata_287
Arca scabra	Naxia_1842-07_146.304-173.736	MED-AegeanMolluscaAndRadiata_288	MED-AegeanMolluscaAndRadiata_288
Murex cristatus	Naxia_1842-07_146.304-173.736	MED-AegeanMolluscaAndRadiata_289	MED-AegeanMolluscaAndRadiata_289
Pleurotoma maravignae	Naxia_1842-07_146.304-173.736	MED-AegeanMolluscaAndRadiata_290	MED-AegeanMolluscaAndRadiata_290
Pleurotoma gracilis	Naxia_1842-07_146.304-173.736	MED-AegeanMolluscaAndRadiata_291	MED-AegeanMolluscaAndRadiata_291
Pleurotoma cristata	Naxia_1842-07_146.304-173.736	MED-AegeanMolluscaAndRadiata_292	MED-AegeanMolluscaAndRadiata_292
Pleurotoma reticulata	Naxia_1842-07_146.304-173.736	MED-AegeanMolluscaAndRadiata_293	MED-AegeanMolluscaAndRadiata_293
Pleurotoma formicaria	Naxia_1842-07_146.304-173.736	MED-AegeanMolluscaAndRadiata_294	MED-AegeanMolluscaAndRadiata_294
Cerithium lima	Naxia_1842-07_146.304-173.736	MED-AegeanMolluscaAndRadiata_295	MED-AegeanMolluscaAndRadiata_295
Trochus exiguus	Naxia_1842-07_146.304-173.736	MED-AegeanMolluscaAndRadiata_296	MED-AegeanMolluscaAndRadiata_296
Phasianella pulla	Naxia_1842-07_146.304-173.736	MED-AegeanMolluscaAndRadiata_297	MED-AegeanMolluscaAndRadiata_297
Rissoa reticulata	Naxia_1842-07_146.304-173.736	MED-AegeanMolluscaAndRadiata_298	MED-AegeanMolluscaAndRadiata_298
Rissoa ventricosa	Naxia_1842-07_146.304-173.736	MED-AegeanMolluscaAndRadiata_299	MED-AegeanMolluscaAndRadiata_299
Turbo rugosus	Naxia_1842-07_146.304-173.736	MED-AegeanMolluscaAndRadiata_300	MED-AegeanMolluscaAndRadiata_300
Natica pulchella	Naxia_1842-07_146.304-173.736	MED-AegeanMolluscaAndRadiata_301	MED-AegeanMolluscaAndRadiata_301
Tornatella fasciata	Naxia_1842-07_146.304-173.736	MED-AegeanMolluscaAndRadiata_302	MED-AegeanMolluscaAndRadiata_302
Emarginula elongata	Naxia_1842-07_146.304-173.736	MED-AegeanMolluscaAndRadiata_303	MED-AegeanMolluscaAndRadiata_303
Chiton laevis	Naxia_1842-07_146.304-173.736	MED-AegeanMolluscaAndRadiata_304	MED-AegeanMolluscaAndRadiata_304
Serpula	Naxia_1842-07_146.304-173.736	MED-AegeanMolluscaAndRadiata_305	MED-AegeanMolluscaAndRadiata_305
Crustacea	Naxia_1842-07_146.304-173.736	MED-AegeanMolluscaAndRadiata_306	MED-AegeanMolluscaAndRadiata_306
Psammechinus microtuberculatus	Naxia_1842-07_146.304-173.736	MED-AegeanMolluscaAndRadiata_307	MED-AegeanMolluscaAndRadiata_307
Echinocyamus pusillus	Naxia_1842-07_146.304-173.736	MED-AegeanMolluscaAndRadiata_308	MED-AegeanMolluscaAndRadiata_308
Cidaris	Naxia_1842-07_146.304-173.736	MED-AegeanMolluscaAndRadiata_309	MED-AegeanMolluscaAndRadiata_309
Megerlia truncata	Serpho-Poulo_1841-07_173.736	MED-AegeanMolluscaAndRadiata_310	MED-AegeanMolluscaAndRadiata_310
Megathiris detruncata	Serpho-Poulo_1841-07_173.736	MED-AegeanMolluscaAndRadiata_311	MED-AegeanMolluscaAndRadiata_311
NA	Serpho-Poulo_1841-07_173.736	MED-AegeanMolluscaAndRadiata_312	MED-AegeanMolluscaAndRadiata_312
Crania anomala var. Turbinata	Serpho-Poulo_1841-07_173.736	MED-AegeanMolluscaAndRadiata_313	MED-AegeanMolluscaAndRadiata_313
Lima (Limatula) elongata	Serpho-Poulo_1841-07_173.736	MED-AegeanMolluscaAndRadiata_314	MED-AegeanMolluscaAndRadiata_314
Lima (Limatula) crassa	Serpho-Poulo_1841-07_173.736	MED-AegeanMolluscaAndRadiata_315	MED-AegeanMolluscaAndRadiata_315
Modiola	Serpho-Poulo_1841-07_173.736	MED-AegeanMolluscaAndRadiata_316	MED-AegeanMolluscaAndRadiata_316
Pecten testae	Serpho-Poulo_1841-07_173.736	MED-AegeanMolluscaAndRadiata_317	MED-AegeanMolluscaAndRadiata_317
Pecten concentricus	Serpho-Poulo_1841-07_173.736	MED-AegeanMolluscaAndRadiata_318	MED-AegeanMolluscaAndRadiata_318
Pecten similis	Serpho-Poulo_1841-07_173.736	MED-AegeanMolluscaAndRadiata_319	MED-AegeanMolluscaAndRadiata_319
Cardita squamosa	Serpho-Poulo_1841-07_173.736	MED-AegeanMolluscaAndRadiata_320	MED-AegeanMolluscaAndRadiata_320
Cytherea apicalis	Serpho-Poulo_1841-07_173.736	MED-AegeanMolluscaAndRadiata_321	MED-AegeanMolluscaAndRadiata_321
Venus ovata	Serpho-Poulo_1841-07_173.736	MED-AegeanMolluscaAndRadiata_322	MED-AegeanMolluscaAndRadiata_322
Astarte pusilla	Serpho-Poulo_1841-07_173.736	MED-AegeanMolluscaAndRadiata_323	MED-AegeanMolluscaAndRadiata_323
Lucina commutata	Serpho-Poulo_1841-07_173.736	MED-AegeanMolluscaAndRadiata_324	MED-AegeanMolluscaAndRadiata_324
Lucina bipartita	Serpho-Poulo_1841-07_173.736	MED-AegeanMolluscaAndRadiata_325	MED-AegeanMolluscaAndRadiata_325
Arca lactea	Serpho-Poulo_1841-07_173.736	MED-AegeanMolluscaAndRadiata_326	MED-AegeanMolluscaAndRadiata_326
Pleurotoma cristata	Serpho-Poulo_1841-07_173.736	MED-AegeanMolluscaAndRadiata_327	MED-AegeanMolluscaAndRadiata_327
Pleurotoma abyssicola	Serpho-Poulo_1841-07_173.736	MED-AegeanMolluscaAndRadiata_328	MED-AegeanMolluscaAndRadiata_328
Pleurotoma maravignae	Serpho-Poulo_1841-07_173.736	MED-AegeanMolluscaAndRadiata_329	MED-AegeanMolluscaAndRadiata_329
Pleurotoma reticulata	Serpho-Poulo_1841-07_173.736	MED-AegeanMolluscaAndRadiata_330	MED-AegeanMolluscaAndRadiata_330
Pleurotoma minuta	Serpho-Poulo_1841-07_173.736	MED-AegeanMolluscaAndRadiata_331	MED-AegeanMolluscaAndRadiata_331
Fusus muricinus	Serpho-Poulo_1841-07_173.736	MED-AegeanMolluscaAndRadiata_332	MED-AegeanMolluscaAndRadiata_332
Triforis perversus	Serpho-Poulo_1841-07_173.736	MED-AegeanMolluscaAndRadiata_333	MED-AegeanMolluscaAndRadiata_333
Viriola fuscescens	Serpho-Poulo_1841-07_173.736	MED-AegeanMolluscaAndRadiata_334	MED-AegeanMolluscaAndRadiata_334
Turritella tricostalis	Serpho-Poulo_1841-07_173.736	MED-AegeanMolluscaAndRadiata_335	MED-AegeanMolluscaAndRadiata_335
Trochus exiguus	Serpho-Poulo_1841-07_173.736	MED-AegeanMolluscaAndRadiata_336	MED-AegeanMolluscaAndRadiata_336
Turbo sanguineus	Serpho-Poulo_1841-07_173.736	MED-AegeanMolluscaAndRadiata_337	MED-AegeanMolluscaAndRadiata_337
Rissoa reticulata	Serpho-Poulo_1841-07_173.736	MED-AegeanMolluscaAndRadiata_338	MED-AegeanMolluscaAndRadiata_338
Marginella clandestina	Serpho-Poulo_1841-07_173.736	MED-AegeanMolluscaAndRadiata_339	MED-AegeanMolluscaAndRadiata_339
Tornatella pusilla	Serpho-Poulo_1841-07_173.736	MED-AegeanMolluscaAndRadiata_340	MED-AegeanMolluscaAndRadiata_340
Emarginula elongata	Serpho-Poulo_1841-07_173.736	MED-AegeanMolluscaAndRadiata_341	MED-AegeanMolluscaAndRadiata_341
Emarginula capuliformis	Serpho-Poulo_1841-07_173.736	MED-AegeanMolluscaAndRadiata_342	MED-AegeanMolluscaAndRadiata_342
Fissurella graeca	Serpho-Poulo_1841-07_173.736	MED-AegeanMolluscaAndRadiata_343	MED-AegeanMolluscaAndRadiata_343
Cleodora pyramidata	Serpho-Poulo_1841-07_173.736	MED-AegeanMolluscaAndRadiata_344	MED-AegeanMolluscaAndRadiata_344
Spongia	Serpho-Poulo_1841-07_173.736	MED-AegeanMolluscaAndRadiata_345	MED-AegeanMolluscaAndRadiata_345
Caryophyllia	Serpho-Poulo_1841-07_173.736	MED-AegeanMolluscaAndRadiata_346	MED-AegeanMolluscaAndRadiata_346
Echinocyamus	Serpho-Poulo_1841-07_173.736	MED-AegeanMolluscaAndRadiata_347	MED-AegeanMolluscaAndRadiata_347
Psammechinus microtuberculatus	Serpho-Poulo_1841-07_173.736	MED-AegeanMolluscaAndRadiata_348	MED-AegeanMolluscaAndRadiata_348
Crustacea	Serpho-Poulo_1841-07_173.736	MED-AegeanMolluscaAndRadiata_349	MED-AegeanMolluscaAndRadiata_349
Terebratula vitrea	Off Ananas Rocks_1841-09-16_192.024	MED-AegeanMolluscaAndRadiata_350	MED-AegeanMolluscaAndRadiata_350
Megerlia truncata	Off Ananas Rocks_1841-09-16_192.024	MED-AegeanMolluscaAndRadiata_351	MED-AegeanMolluscaAndRadiata_351
Megathiris detruncata	Off Ananas Rocks_1841-09-16_192.024	MED-AegeanMolluscaAndRadiata_352	MED-AegeanMolluscaAndRadiata_352
Terebratula seminulum	Off Ananas Rocks_1841-09-16_192.024	MED-AegeanMolluscaAndRadiata_353	MED-AegeanMolluscaAndRadiata_353
Platidia anomioides	Off Ananas Rocks_1841-09-16_192.024	MED-AegeanMolluscaAndRadiata_354	MED-AegeanMolluscaAndRadiata_354
Novocrania anomala	Off Ananas Rocks_1841-09-16_192.024	MED-AegeanMolluscaAndRadiata_355	MED-AegeanMolluscaAndRadiata_355
Lima (Limatula) elongata	Off Ananas Rocks_1841-09-16_192.024	MED-AegeanMolluscaAndRadiata_356	MED-AegeanMolluscaAndRadiata_356
Pecten concentricus	Off Ananas Rocks_1841-09-16_192.024	MED-AegeanMolluscaAndRadiata_357	MED-AegeanMolluscaAndRadiata_357
Pecten fenestratus	Off Ananas Rocks_1841-09-16_192.024	MED-AegeanMolluscaAndRadiata_358	MED-AegeanMolluscaAndRadiata_358
Spondylus gussonii	Off Ananas Rocks_1841-09-16_192.024	MED-AegeanMolluscaAndRadiata_359	MED-AegeanMolluscaAndRadiata_359
Arca lactea	Off Ananas Rocks_1841-09-16_192.024	MED-AegeanMolluscaAndRadiata_360	MED-AegeanMolluscaAndRadiata_360
Arca scabra	Off Ananas Rocks_1841-09-16_192.024	MED-AegeanMolluscaAndRadiata_361	MED-AegeanMolluscaAndRadiata_361
Neaera cuspidata	Off Ananas Rocks_1841-09-16_192.024	MED-AegeanMolluscaAndRadiata_362	MED-AegeanMolluscaAndRadiata_362
Neaera attenuata	Off Ananas Rocks_1841-09-16_192.024	MED-AegeanMolluscaAndRadiata_363	MED-AegeanMolluscaAndRadiata_363
Fusus echinatus	Off Ananas Rocks_1841-09-16_192.024	MED-AegeanMolluscaAndRadiata_364	MED-AegeanMolluscaAndRadiata_364
Microdrillia crispata	Off Ananas Rocks_1841-09-16_192.024	MED-AegeanMolluscaAndRadiata_365	MED-AegeanMolluscaAndRadiata_365
Pleurotoma maravignae	Off Ananas Rocks_1841-09-16_192.024	MED-AegeanMolluscaAndRadiata_366	MED-AegeanMolluscaAndRadiata_366
Pleurotoma abyssicola	Off Ananas Rocks_1841-09-16_192.024	MED-AegeanMolluscaAndRadiata_367	MED-AegeanMolluscaAndRadiata_367
Mitra philippiana	Off Ananas Rocks_1841-09-16_192.024	MED-AegeanMolluscaAndRadiata_368	MED-AegeanMolluscaAndRadiata_368
Cerithium lima	Off Ananas Rocks_1841-09-16_192.024	MED-AegeanMolluscaAndRadiata_369	MED-AegeanMolluscaAndRadiata_369
Danilia tinei	Off Ananas Rocks_1841-09-16_192.024	MED-AegeanMolluscaAndRadiata_370	MED-AegeanMolluscaAndRadiata_370
Trochus exiguus	Off Ananas Rocks_1841-09-16_192.024	MED-AegeanMolluscaAndRadiata_371	MED-AegeanMolluscaAndRadiata_371
Turbo sanguineus	Off Ananas Rocks_1841-09-16_192.024	MED-AegeanMolluscaAndRadiata_372	MED-AegeanMolluscaAndRadiata_372
Rissoa reticulata	Off Ananas Rocks_1841-09-16_192.024	MED-AegeanMolluscaAndRadiata_373	MED-AegeanMolluscaAndRadiata_373
Emarginula elongata	Off Ananas Rocks_1841-09-16_192.024	MED-AegeanMolluscaAndRadiata_374	MED-AegeanMolluscaAndRadiata_374
Pileopsis hungarica	Off Ananas Rocks_1841-09-16_192.024	MED-AegeanMolluscaAndRadiata_375	MED-AegeanMolluscaAndRadiata_375
Lottia unicolor	Off Ananas Rocks_1841-09-16_192.024	MED-AegeanMolluscaAndRadiata_376	MED-AegeanMolluscaAndRadiata_376
Atlanta peronii	Off Ananas Rocks_1841-09-16_192.024	MED-AegeanMolluscaAndRadiata_377	MED-AegeanMolluscaAndRadiata_377
Hyalaea gibbosa	Off Ananas Rocks_1841-09-16_192.024	MED-AegeanMolluscaAndRadiata_378	MED-AegeanMolluscaAndRadiata_378
Cleodora pyramidata	Off Ananas Rocks_1841-09-16_192.024	MED-AegeanMolluscaAndRadiata_379	MED-AegeanMolluscaAndRadiata_379
Creseis clava	Off Ananas Rocks_1841-09-16_192.024	MED-AegeanMolluscaAndRadiata_380	MED-AegeanMolluscaAndRadiata_380
Creseis spinifera	Off Ananas Rocks_1841-09-16_192.024	MED-AegeanMolluscaAndRadiata_381	MED-AegeanMolluscaAndRadiata_381
Pectinura vestita	Off Ananas Rocks_1841-09-16_192.024	MED-AegeanMolluscaAndRadiata_382	MED-AegeanMolluscaAndRadiata_382
Echinocyamus	Off Ananas Rocks_1841-09-16_192.024	MED-AegeanMolluscaAndRadiata_383	MED-AegeanMolluscaAndRadiata_383
Cidaris	Off Ananas Rocks_1841-09-16_192.024	MED-AegeanMolluscaAndRadiata_384	MED-AegeanMolluscaAndRadiata_384
Psammechinus microtuberculatus	Off Ananas Rocks_1841-09-16_192.024	MED-AegeanMolluscaAndRadiata_385	MED-AegeanMolluscaAndRadiata_385
Anthozoa	Off Ananas Rocks_1841-09-16_192.024	MED-AegeanMolluscaAndRadiata_386	MED-AegeanMolluscaAndRadiata_386
Serpula	Off Ananas Rocks_1841-09-16_192.024	MED-AegeanMolluscaAndRadiata_387	MED-AegeanMolluscaAndRadiata_387
Balanus	Off Ananas Rocks_1841-09-16_192.024	MED-AegeanMolluscaAndRadiata_388	MED-AegeanMolluscaAndRadiata_388
Brachyura	Off Ananas Rocks_1841-09-16_192.024	MED-AegeanMolluscaAndRadiata_389	MED-AegeanMolluscaAndRadiata_389
Foraminifera	Off Ananas Rocks_1841-09-16_192.024	MED-AegeanMolluscaAndRadiata_390	MED-AegeanMolluscaAndRadiata_390
Pecten similis	Channel between Morea and Cerigo_09-02_201.168	MED-AegeanMolluscaAndRadiata_391	MED-AegeanMolluscaAndRadiata_391
Lima (Limatula) elongata	Channel between Morea and Cerigo_09-02_201.168	MED-AegeanMolluscaAndRadiata_392	MED-AegeanMolluscaAndRadiata_392
Lima (Limatula) crassa	Channel between Morea and Cerigo_09-02_201.168	MED-AegeanMolluscaAndRadiata_393	MED-AegeanMolluscaAndRadiata_393
Nucula polii	Channel between Morea and Cerigo_09-02_201.168	MED-AegeanMolluscaAndRadiata_394	MED-AegeanMolluscaAndRadiata_394
Nucula striata	Channel between Morea and Cerigo_09-02_201.168	MED-AegeanMolluscaAndRadiata_395	MED-AegeanMolluscaAndRadiata_395
Arca lactea	Channel between Morea and Cerigo_09-02_201.168	MED-AegeanMolluscaAndRadiata_396	MED-AegeanMolluscaAndRadiata_396
Poromya anatinoides	Channel between Morea and Cerigo_09-02_201.168	MED-AegeanMolluscaAndRadiata_397	MED-AegeanMolluscaAndRadiata_397
Neaera costellata	Channel between Morea and Cerigo_09-02_201.168	MED-AegeanMolluscaAndRadiata_398	MED-AegeanMolluscaAndRadiata_398
Neaera cuspidata	Channel between Morea and Cerigo_09-02_201.168	MED-AegeanMolluscaAndRadiata_399	MED-AegeanMolluscaAndRadiata_399
Hiatella rugosa	Channel between Morea and Cerigo_09-02_201.168	MED-AegeanMolluscaAndRadiata_400	MED-AegeanMolluscaAndRadiata_400
Pandora obtusa	Channel between Morea and Cerigo_09-02_201.168	MED-AegeanMolluscaAndRadiata_401	MED-AegeanMolluscaAndRadiata_401
Kellia abyssicola	Channel between Morea and Cerigo_09-02_201.168	MED-AegeanMolluscaAndRadiata_402	MED-AegeanMolluscaAndRadiata_402
Cardium minimum	Channel between Morea and Cerigo_09-02_201.168	MED-AegeanMolluscaAndRadiata_403	MED-AegeanMolluscaAndRadiata_403
Rissoa reticulata	Channel between Morea and Cerigo_09-02_201.168	MED-AegeanMolluscaAndRadiata_404	MED-AegeanMolluscaAndRadiata_404
Bulla utriculus	Channel between Morea and Cerigo_09-02_201.168	MED-AegeanMolluscaAndRadiata_405	MED-AegeanMolluscaAndRadiata_405
Trochus millegranus	Channel between Morea and Cerigo_09-02_201.168	MED-AegeanMolluscaAndRadiata_406	MED-AegeanMolluscaAndRadiata_406
Parthenia ventricosa	Channel between Morea and Cerigo_09-02_201.168	MED-AegeanMolluscaAndRadiata_407	MED-AegeanMolluscaAndRadiata_407
Dentalium quinquangulare	Channel between Morea and Cerigo_09-02_201.168	MED-AegeanMolluscaAndRadiata_408	MED-AegeanMolluscaAndRadiata_408
Atlanta peronii	Channel between Morea and Cerigo_09-02_201.168	MED-AegeanMolluscaAndRadiata_409	MED-AegeanMolluscaAndRadiata_409
Ladas planorboides	Channel between Morea and Cerigo_09-02_201.168	MED-AegeanMolluscaAndRadiata_410	MED-AegeanMolluscaAndRadiata_410
Limacina	Channel between Morea and Cerigo_09-02_201.168	MED-AegeanMolluscaAndRadiata_411	MED-AegeanMolluscaAndRadiata_411
Hyalaea gibbosa	Channel between Morea and Cerigo_09-02_201.168	MED-AegeanMolluscaAndRadiata_412	MED-AegeanMolluscaAndRadiata_412
Hyalaea vaginellina	Channel between Morea and Cerigo_09-02_201.168	MED-AegeanMolluscaAndRadiata_413	MED-AegeanMolluscaAndRadiata_413
Cleodora pyramidata	Channel between Morea and Cerigo_09-02_201.168	MED-AegeanMolluscaAndRadiata_414	MED-AegeanMolluscaAndRadiata_414
Creseis	Channel between Morea and Cerigo_09-02_201.168	MED-AegeanMolluscaAndRadiata_415	MED-AegeanMolluscaAndRadiata_415
Ditrupa subulata	Channel between Morea and Cerigo_09-02_201.168	MED-AegeanMolluscaAndRadiata_416	MED-AegeanMolluscaAndRadiata_416
Ditrupa perpusilla	Channel between Morea and Cerigo_09-02_201.168	MED-AegeanMolluscaAndRadiata_417	MED-AegeanMolluscaAndRadiata_417
Crustacea	Channel between Morea and Cerigo_09-02_201.168	MED-AegeanMolluscaAndRadiata_418	MED-AegeanMolluscaAndRadiata_418
Amphiura chiajei	Channel between Morea and Cerigo_09-02_201.168	MED-AegeanMolluscaAndRadiata_419	MED-AegeanMolluscaAndRadiata_419
Cidaris	Channel between Morea and Cerigo_09-02_201.168	MED-AegeanMolluscaAndRadiata_420	MED-AegeanMolluscaAndRadiata_420
Anomia polymorpha	Off Island of Amorgo_1841-08-02_256.032	MED-AegeanMolluscaAndRadiata_421	MED-AegeanMolluscaAndRadiata_421
Lima (Limatula) elongata	Off Island of Amorgo_1841-08-02_256.032	MED-AegeanMolluscaAndRadiata_422	MED-AegeanMolluscaAndRadiata_422
Lima (Limatula) crassa	Off Island of Amorgo_1841-08-02_256.032	MED-AegeanMolluscaAndRadiata_423	MED-AegeanMolluscaAndRadiata_423
Pecten similis	Off Island of Amorgo_1841-08-02_256.032	MED-AegeanMolluscaAndRadiata_424	MED-AegeanMolluscaAndRadiata_424
Pecten dumasii	Off Island of Amorgo_1841-08-02_256.032	MED-AegeanMolluscaAndRadiata_425	MED-AegeanMolluscaAndRadiata_425
Pecten fenestratus	Off Island of Amorgo_1841-08-02_256.032	MED-AegeanMolluscaAndRadiata_426	MED-AegeanMolluscaAndRadiata_426
Nucula polii	Off Island of Amorgo_1841-08-02_256.032	MED-AegeanMolluscaAndRadiata_427	MED-AegeanMolluscaAndRadiata_427
Arca tetragona	Off Island of Amorgo_1841-08-02_256.032	MED-AegeanMolluscaAndRadiata_428	MED-AegeanMolluscaAndRadiata_428
Arca lactea	Off Island of Amorgo_1841-08-02_256.032	MED-AegeanMolluscaAndRadiata_429	MED-AegeanMolluscaAndRadiata_429
Cardium minimum	Off Island of Amorgo_1841-08-02_256.032	MED-AegeanMolluscaAndRadiata_430	MED-AegeanMolluscaAndRadiata_430
Kellia abyssicola	Off Island of Amorgo_1841-08-02_256.032	MED-AegeanMolluscaAndRadiata_431	MED-AegeanMolluscaAndRadiata_431
Ligula profundissima	Off Island of Amorgo_1841-08-02_256.032	MED-AegeanMolluscaAndRadiata_432	MED-AegeanMolluscaAndRadiata_432
Neaera costellata	Off Island of Amorgo_1841-08-02_256.032	MED-AegeanMolluscaAndRadiata_433	MED-AegeanMolluscaAndRadiata_433
Neaera cuspidata	Off Island of Amorgo_1841-08-02_256.032	MED-AegeanMolluscaAndRadiata_434	MED-AegeanMolluscaAndRadiata_434
Murex vaginatus	Off Island of Amorgo_1841-08-02_256.032	MED-AegeanMolluscaAndRadiata_435	MED-AegeanMolluscaAndRadiata_435
Cerithium lima	Off Island of Amorgo_1841-08-02_256.032	MED-AegeanMolluscaAndRadiata_436	MED-AegeanMolluscaAndRadiata_436
Rissoa	Off Island of Amorgo_1841-08-02_256.032	MED-AegeanMolluscaAndRadiata_437	MED-AegeanMolluscaAndRadiata_437
Parthenia ventricosa	Off Island of Amorgo_1841-08-02_256.032	MED-AegeanMolluscaAndRadiata_438	MED-AegeanMolluscaAndRadiata_438
Eulima subulata	Off Island of Amorgo_1841-08-02_256.032	MED-AegeanMolluscaAndRadiata_439	MED-AegeanMolluscaAndRadiata_439
Eulima distorta	Off Island of Amorgo_1841-08-02_256.032	MED-AegeanMolluscaAndRadiata_440	MED-AegeanMolluscaAndRadiata_440
Dentalium quinquangulare	Off Island of Amorgo_1841-08-02_256.032	MED-AegeanMolluscaAndRadiata_441	MED-AegeanMolluscaAndRadiata_441
Bulla utriculus	Off Island of Amorgo_1841-08-02_256.032	MED-AegeanMolluscaAndRadiata_442	MED-AegeanMolluscaAndRadiata_442
Carinaria mediterranea	Off Island of Amorgo_1841-08-02_256.032	MED-AegeanMolluscaAndRadiata_443	MED-AegeanMolluscaAndRadiata_443
Atlanta peronii	Off Island of Amorgo_1841-08-02_256.032	MED-AegeanMolluscaAndRadiata_444	MED-AegeanMolluscaAndRadiata_444
Limacina	Off Island of Amorgo_1841-08-02_256.032	MED-AegeanMolluscaAndRadiata_445	MED-AegeanMolluscaAndRadiata_445
Hyalaea gibbosa	Off Island of Amorgo_1841-08-02_256.032	MED-AegeanMolluscaAndRadiata_446	MED-AegeanMolluscaAndRadiata_446
Hyalaea vaginellina	Off Island of Amorgo_1841-08-02_256.032	MED-AegeanMolluscaAndRadiata_447	MED-AegeanMolluscaAndRadiata_447
Creseis clava	Off Island of Amorgo_1841-08-02_256.032	MED-AegeanMolluscaAndRadiata_448	MED-AegeanMolluscaAndRadiata_448
Creseis spinifera	Off Island of Amorgo_1841-08-02_256.032	MED-AegeanMolluscaAndRadiata_449	MED-AegeanMolluscaAndRadiata_449
Hyalocylis striata	Off Island of Amorgo_1841-08-02_256.032	MED-AegeanMolluscaAndRadiata_450	MED-AegeanMolluscaAndRadiata_450
Idmonea	Off Island of Amorgo_1841-08-02_256.032	MED-AegeanMolluscaAndRadiata_451	MED-AegeanMolluscaAndRadiata_451
Ophiura abyssicola	Off Island of Amorgo_1841-08-02_256.032	MED-AegeanMolluscaAndRadiata_452	MED-AegeanMolluscaAndRadiata_452
Brissus	Off Island of Amorgo_1841-08-02_256.032	MED-AegeanMolluscaAndRadiata_453	MED-AegeanMolluscaAndRadiata_453
Serpula	Off Island of Amorgo_1841-08-02_256.032	MED-AegeanMolluscaAndRadiata_454	MED-AegeanMolluscaAndRadiata_454
Ditrupa perpusilla	Off Island of Amorgo_1841-08-02_256.032	MED-AegeanMolluscaAndRadiata_455	MED-AegeanMolluscaAndRadiata_455
Crustacea	Off Island of Amorgo_1841-08-02_256.032	MED-AegeanMolluscaAndRadiata_456	MED-AegeanMolluscaAndRadiata_456
Pecten similis	Off Milo_1841-09-17_274.32	MED-AegeanMolluscaAndRadiata_457	MED-AegeanMolluscaAndRadiata_457
Pecten concentricus	Off Milo_1841-09-17_274.32	MED-AegeanMolluscaAndRadiata_458	MED-AegeanMolluscaAndRadiata_458
Pecten dumasii	Off Milo_1841-09-17_274.32	MED-AegeanMolluscaAndRadiata_459	MED-AegeanMolluscaAndRadiata_459
Lima (Limatula) elongata	Off Milo_1841-09-17_274.32	MED-AegeanMolluscaAndRadiata_460	MED-AegeanMolluscaAndRadiata_460
Lima (Limatula) crassa	Off Milo_1841-09-17_274.32	MED-AegeanMolluscaAndRadiata_461	MED-AegeanMolluscaAndRadiata_461
Arca lactea	Off Milo_1841-09-17_274.32	MED-AegeanMolluscaAndRadiata_462	MED-AegeanMolluscaAndRadiata_462
Arca scabra	Off Milo_1841-09-17_274.32	MED-AegeanMolluscaAndRadiata_463	MED-AegeanMolluscaAndRadiata_463
Poromya anatinoides	Off Milo_1841-09-17_274.32	MED-AegeanMolluscaAndRadiata_464	MED-AegeanMolluscaAndRadiata_464
Kellia abyssicola	Off Milo_1841-09-17_274.32	MED-AegeanMolluscaAndRadiata_465	MED-AegeanMolluscaAndRadiata_465
Neaera cuspidata	Off Milo_1841-09-17_274.32	MED-AegeanMolluscaAndRadiata_466	MED-AegeanMolluscaAndRadiata_466
Neaera costellata	Off Milo_1841-09-17_274.32	MED-AegeanMolluscaAndRadiata_467	MED-AegeanMolluscaAndRadiata_467
Neaera abbreviata	Off Milo_1841-09-17_274.32	MED-AegeanMolluscaAndRadiata_468	MED-AegeanMolluscaAndRadiata_468
Cardita squamosa	Off Milo_1841-09-17_274.32	MED-AegeanMolluscaAndRadiata_469	MED-AegeanMolluscaAndRadiata_469
Ligula profundissima	Off Milo_1841-09-17_274.32	MED-AegeanMolluscaAndRadiata_470	MED-AegeanMolluscaAndRadiata_470
Novocrania anomala	Off Milo_1841-09-17_274.32	MED-AegeanMolluscaAndRadiata_471	MED-AegeanMolluscaAndRadiata_471
Megathiris detruncata	Off Milo_1841-09-17_274.32	MED-AegeanMolluscaAndRadiata_472	MED-AegeanMolluscaAndRadiata_472
Murex vaginatus	Off Milo_1841-09-17_274.32	MED-AegeanMolluscaAndRadiata_473	MED-AegeanMolluscaAndRadiata_473
Fusus muricinus	Off Milo_1841-09-17_274.32	MED-AegeanMolluscaAndRadiata_474	MED-AegeanMolluscaAndRadiata_474
Marginella clandestina	Off Milo_1841-09-17_274.32	MED-AegeanMolluscaAndRadiata_475	MED-AegeanMolluscaAndRadiata_475
Rissoa reticulata	Off Milo_1841-09-17_274.32	MED-AegeanMolluscaAndRadiata_476	MED-AegeanMolluscaAndRadiata_476
Rissoa	Off Milo_1841-09-17_274.32	MED-AegeanMolluscaAndRadiata_477	MED-AegeanMolluscaAndRadiata_477
Parthenia ventricosa	Off Milo_1841-09-17_274.32	MED-AegeanMolluscaAndRadiata_478	MED-AegeanMolluscaAndRadiata_478
Cerithium lima	Off Milo_1841-09-17_274.32	MED-AegeanMolluscaAndRadiata_479	MED-AegeanMolluscaAndRadiata_479
Lottia unicolor	Off Milo_1841-09-17_274.32	MED-AegeanMolluscaAndRadiata_480	MED-AegeanMolluscaAndRadiata_480
Scissurella plicata	Off Milo_1841-09-17_274.32	MED-AegeanMolluscaAndRadiata_481	MED-AegeanMolluscaAndRadiata_481
Peracle physoides	Off Milo_1841-09-17_274.32	MED-AegeanMolluscaAndRadiata_482	MED-AegeanMolluscaAndRadiata_482
Hyalaea gibbosa	Off Milo_1841-09-17_274.32	MED-AegeanMolluscaAndRadiata_483	MED-AegeanMolluscaAndRadiata_483
Hyalaea vaginellina	Off Milo_1841-09-17_274.32	MED-AegeanMolluscaAndRadiata_484	MED-AegeanMolluscaAndRadiata_484
Hyalaea cornea	Off Milo_1841-09-17_274.32	MED-AegeanMolluscaAndRadiata_485	MED-AegeanMolluscaAndRadiata_485
Cleodora pyramidata	Off Milo_1841-09-17_274.32	MED-AegeanMolluscaAndRadiata_486	MED-AegeanMolluscaAndRadiata_486
Creseis	Off Milo_1841-09-17_274.32	MED-AegeanMolluscaAndRadiata_487	MED-AegeanMolluscaAndRadiata_487
Pecten concentricus	Gulf of Macri_1843-12-23_338.328	MED-AegeanMolluscaAndRadiata_488	MED-AegeanMolluscaAndRadiata_488
Pecten hoskynsi	Gulf of Macri_1843-12-23_338.328	MED-AegeanMolluscaAndRadiata_489	MED-AegeanMolluscaAndRadiata_489
Pecten similis	Gulf of Macri_1843-12-23_338.328	MED-AegeanMolluscaAndRadiata_490	MED-AegeanMolluscaAndRadiata_490
Arca imbricata	Gulf of Macri_1843-12-23_338.328	MED-AegeanMolluscaAndRadiata_491	MED-AegeanMolluscaAndRadiata_491
Nucula striata	Gulf of Macri_1843-12-23_338.328	MED-AegeanMolluscaAndRadiata_492	MED-AegeanMolluscaAndRadiata_492
Nucula aegeensis	Gulf of Macri_1843-12-23_338.328	MED-AegeanMolluscaAndRadiata_493	MED-AegeanMolluscaAndRadiata_493
Kellia abyssicola	Gulf of Macri_1843-12-23_338.328	MED-AegeanMolluscaAndRadiata_494	MED-AegeanMolluscaAndRadiata_494
Neaera cuspidata	Gulf of Macri_1843-12-23_338.328	MED-AegeanMolluscaAndRadiata_495	MED-AegeanMolluscaAndRadiata_495
Neaera costellata	Gulf of Macri_1843-12-23_338.328	MED-AegeanMolluscaAndRadiata_496	MED-AegeanMolluscaAndRadiata_496
Neaera abbreviata	Gulf of Macri_1843-12-23_338.328	MED-AegeanMolluscaAndRadiata_497	MED-AegeanMolluscaAndRadiata_497
Ligula profundissima	Gulf of Macri_1843-12-23_338.328	MED-AegeanMolluscaAndRadiata_498	MED-AegeanMolluscaAndRadiata_498
Pleurotoma abyssicola	Gulf of Macri_1843-12-23_338.328	MED-AegeanMolluscaAndRadiata_499	MED-AegeanMolluscaAndRadiata_499
Nassa intermedia	Gulf of Macri_1843-12-23_338.328	MED-AegeanMolluscaAndRadiata_500	MED-AegeanMolluscaAndRadiata_500
Rissoa reticulata	Gulf of Macri_1843-12-23_338.328	MED-AegeanMolluscaAndRadiata_501	MED-AegeanMolluscaAndRadiata_501
Marginella clandestina	Gulf of Macri_1843-12-23_338.328	MED-AegeanMolluscaAndRadiata_502	MED-AegeanMolluscaAndRadiata_502
Dentalium quinquangulare	Gulf of Macri_1843-12-23_338.328	MED-AegeanMolluscaAndRadiata_503	MED-AegeanMolluscaAndRadiata_503
Hyalaea cornea	Gulf of Macri_1843-12-23_338.328	MED-AegeanMolluscaAndRadiata_504	MED-AegeanMolluscaAndRadiata_504
Hyalaea gibbosa	Gulf of Macri_1843-12-23_338.328	MED-AegeanMolluscaAndRadiata_505	MED-AegeanMolluscaAndRadiata_505
Hyalaea vaginellina	Gulf of Macri_1843-12-23_338.328	MED-AegeanMolluscaAndRadiata_506	MED-AegeanMolluscaAndRadiata_506
Cleodora pyramidata	Gulf of Macri_1843-12-23_338.328	MED-AegeanMolluscaAndRadiata_507	MED-AegeanMolluscaAndRadiata_507
Creseis clava	Gulf of Macri_1843-12-23_338.328	MED-AegeanMolluscaAndRadiata_508	MED-AegeanMolluscaAndRadiata_508
Creseis spinifera	Gulf of Macri_1843-12-23_338.328	MED-AegeanMolluscaAndRadiata_509	MED-AegeanMolluscaAndRadiata_509
Hyalocylis striata	Gulf of Macri_1843-12-23_338.328	MED-AegeanMolluscaAndRadiata_510	MED-AegeanMolluscaAndRadiata_510
Limacina	Gulf of Macri_1843-12-23_338.328	MED-AegeanMolluscaAndRadiata_511	MED-AegeanMolluscaAndRadiata_511
Carinaria mediterranea	Gulf of Macri_1843-12-23_338.328	MED-AegeanMolluscaAndRadiata_512	MED-AegeanMolluscaAndRadiata_512
Peracle physoides	Gulf of Macri_1843-12-23_338.328	MED-AegeanMolluscaAndRadiata_513	MED-AegeanMolluscaAndRadiata_513
Nodosaria	Gulf of Macri_1843-12-23_338.328	MED-AegeanMolluscaAndRadiata_514	MED-AegeanMolluscaAndRadiata_514
Foraminifera	Gulf of Macri_1843-12-23_338.328	MED-AegeanMolluscaAndRadiata_515	MED-AegeanMolluscaAndRadiata_515
Brachyura	Gulf of Macri_1843-12-23_338.328	MED-AegeanMolluscaAndRadiata_516	MED-AegeanMolluscaAndRadiata_516
Porifera	Gulf of Macri_1843-12-23_338.328	MED-AegeanMolluscaAndRadiata_517	MED-AegeanMolluscaAndRadiata_517
Amphiura chiajei	Gulf of Macri_1843-12-23_338.328	MED-AegeanMolluscaAndRadiata_518	MED-AegeanMolluscaAndRadiata_518
Terebratula vitrea	S. extremity of Gulf of Macri_1841-11-25_420.624	MED-AegeanMolluscaAndRadiata_519	MED-AegeanMolluscaAndRadiata_519
Ligula profundissima	S. extremity of Gulf of Macri_1841-11-25_420.624	MED-AegeanMolluscaAndRadiata_520	MED-AegeanMolluscaAndRadiata_520
Arca imbricata	S. extremity of Gulf of Macri_1841-11-25_420.624	MED-AegeanMolluscaAndRadiata_521	MED-AegeanMolluscaAndRadiata_521
Dentalium quinquangulare	S. extremity of Gulf of Macri_1841-11-25_420.624	MED-AegeanMolluscaAndRadiata_522	MED-AegeanMolluscaAndRadiata_522
Hyalaea gibbosa	S. extremity of Gulf of Macri_1841-11-25_420.624	MED-AegeanMolluscaAndRadiata_523	MED-AegeanMolluscaAndRadiata_523
Cleodora pyramidata	S. extremity of Gulf of Macri_1841-11-25_420.624	MED-AegeanMolluscaAndRadiata_524	MED-AegeanMolluscaAndRadiata_524
Creseis spinifera	S. extremity of Gulf of Macri_1841-11-25_420.624	MED-AegeanMolluscaAndRadiata_525	MED-AegeanMolluscaAndRadiata_525
Annelida	S. extremity of Gulf of Macri_1841-11-25_420.624	MED-AegeanMolluscaAndRadiata_526	MED-AegeanMolluscaAndRadiata_526
Serpula	S. extremity of Gulf of Macri_1841-11-25_420.624	MED-AegeanMolluscaAndRadiata_527	MED-AegeanMolluscaAndRadiata_527
Alecto	S. extremity of Gulf of Macri_1841-11-25_420.624	MED-AegeanMolluscaAndRadiata_528	MED-AegeanMolluscaAndRadiata_528
Lobatula	S. extremity of Gulf of Macri_1841-11-25_420.624	MED-AegeanMolluscaAndRadiata_529	MED-AegeanMolluscaAndRadiata_529
